id;date;content
1;2023-01-31T09:23:02;../fake-data/blob/hipster.txt
2;2023-01-31T03:35:43;../fake-data/blob/hipster.txt
3;2023-01-31T02:49:50;../fake-data/blob/hipster.txt
4;2023-01-31T10:47:31;../fake-data/blob/hipster.txt
5;2023-01-31T06:39:59;../fake-data/blob/hipster.txt
6;2023-01-31T05:24:08;../fake-data/blob/hipster.txt
7;2023-01-30T23:15:15;../fake-data/blob/hipster.txt
8;2023-01-31T07:39:32;../fake-data/blob/hipster.txt
9;2023-01-31T19:08:31;../fake-data/blob/hipster.txt
10;2023-01-30T20:43:48;../fake-data/blob/hipster.txt
